{
  "f8e6b000-5643-4b86-9080-aa680ce1f599": {
    "asset": 1544273625176,
    "meta": 1543304680000,
    "relativePath": "image"
  },
  "71561142-4c83-4933-afca-cb7a17f67053": {
    "asset": 1543304680000,
    "meta": 1554796657653,
    "relativePath": "image\\default_btn_disabled.png"
  },
  "e851e89b-faa2-4484-bea6-5c01dd9f06e2": {
    "asset": 1543304680000,
    "meta": 1554796657657,
    "relativePath": "image\\default_btn_normal.png"
  },
  "b43ff3c2-02bb-4874-81f7-f2dea6970f18": {
    "asset": 1543304680000,
    "meta": 1554796658166,
    "relativePath": "image\\default_btn_pressed.png"
  },
  "edd215b9-2796-4a05-aaf5-81f96c9281ce": {
    "asset": 1543304680000,
    "meta": 1554796658169,
    "relativePath": "image\\default_editbox_bg.png"
  },
  "99170b0b-d210-46f1-b213-7d9e3f23098a": {
    "asset": 1543304680000,
    "meta": 1554796658265,
    "relativePath": "image\\default_progressbar_bg.png"
  },
  "d81ec8ad-247c-4e62-aa3c-d35c4193c7af": {
    "asset": 1543304680000,
    "meta": 1554796658263,
    "relativePath": "image\\default_panel.png"
  },
  "cfef78f1-c8df-49b7-8ed0-4c953ace2621": {
    "asset": 1543304680000,
    "meta": 1554796658316,
    "relativePath": "image\\default_progressbar.png"
  },
  "567dcd80-8bf4-4535-8a5a-313f1caf078a": {
    "asset": 1543304680000,
    "meta": 1554796658318,
    "relativePath": "image\\default_radio_button_off.png"
  },
  "9d60001f-b5f4-4726-a629-2659e3ded0b8": {
    "asset": 1543304680000,
    "meta": 1554796658353,
    "relativePath": "image\\default_radio_button_on.png"
  },
  "4bab67cb-18e6-4099-b840-355f0473f890": {
    "asset": 1543304680000,
    "meta": 1554796658348,
    "relativePath": "image\\default_scrollbar_bg.png"
  },
  "617323dd-11f4-4dd3-8eec-0caf6b3b45b9": {
    "asset": 1543304680000,
    "meta": 1554796658373,
    "relativePath": "image\\default_scrollbar_vertical_bg.png"
  },
  "d6d3ca85-4681-47c1-b5dd-d036a9d39ea2": {
    "asset": 1543304680000,
    "meta": 1554796658380,
    "relativePath": "image\\default_scrollbar_vertical.png"
  },
  "0291c134-b3da-4098-b7b5-e397edbe947f": {
    "asset": 1543304680000,
    "meta": 1554796658404,
    "relativePath": "image\\default_scrollbar.png"
  },
  "0275e94c-56a7-410f-bd1a-fc7483f7d14a": {
    "asset": 1543304680000,
    "meta": 1554796658400,
    "relativePath": "image\\default_sprite_splash.png"
  },
  "73a0903d-d80e-4e3c-aa67-f999543c08f5": {
    "asset": 1543304680000,
    "meta": 1554796658426,
    "relativePath": "image\\default_toggle_checkmark.png"
  },
  "6e056173-d285-473c-b206-40a7fff5386e": {
    "asset": 1543304680000,
    "meta": 1554796658422,
    "relativePath": "image\\default_sprite.png"
  },
  "c25b9d50-c8fc-4d27-beeb-6e7c1f2e5c0f": {
    "asset": 1543304680000,
    "meta": 1554796658448,
    "relativePath": "image\\default_toggle_disabled.png"
  },
  "d29077ba-1627-4a72-9579-7b56a235340c": {
    "asset": 1543304680000,
    "meta": 1554796658453,
    "relativePath": "image\\default_toggle_normal.png"
  },
  "fc09f9bd-2cce-4605-b630-8145ef809ed6": {
    "asset": 1544273524678,
    "meta": 1543304680000,
    "relativePath": "misc"
  },
  "b181c1e4-0a72-4a91-bfb0-ae6f36ca60bd": {
    "asset": 1543304680000,
    "meta": 1554796658478,
    "relativePath": "image\\default_toggle_pressed.png"
  },
  "f6e6dd15-71d1-4ffe-ace7-24fd39942c05": {
    "asset": 1544273625992,
    "meta": 1543304680000,
    "relativePath": "obsolete"
  },
  "2be36297-9abb-4fee-8049-9ed5e271da8a": {
    "asset": 1543304680000,
    "meta": 1554796658468,
    "relativePath": "misc\\default_video.mp4"
  },
  "f743d2b6-b7ea-4c14-a55b-547ed4d0a045": {
    "asset": 1544273626023,
    "meta": 1543304680000,
    "relativePath": "particle"
  },
  "8a96b965-2dc0-4e03-aa90-3b79cb93b5b4": {
    "asset": 1543304680000,
    "meta": 1554796658502,
    "relativePath": "obsolete\\atom.png"
  },
  "b8223619-7e38-47c4-841f-9160c232495a": {
    "asset": 1543304680000,
    "meta": 1554796658695,
    "relativePath": "obsolete\\atom.plist"
  },
  "ae6c6c98-11e4-452f-8758-75f5c6a56e83": {
    "asset": 1544273625207,
    "meta": 1543304680000,
    "relativePath": "prefab"
  },
  "972b9a4d-47ee-4c74-b5c3-61d8a69bc29f": {
    "asset": 1543304680000,
    "meta": 1554796658526,
    "relativePath": "prefab\\button.prefab"
  },
  "2c937608-2562-40ea-b264-7395df6f0cea": {
    "asset": 1543304680000,
    "meta": 1554796658532,
    "relativePath": "prefab\\canvas.prefab"
  },
  "61aeb05b-3b32-452b-8eed-2b76deeed554": {
    "asset": 1543304680000,
    "meta": 1554796658538,
    "relativePath": "prefab\\editbox.prefab"
  },
  "b2687ac4-099e-403c-a192-ff477686f4f5": {
    "asset": 1543304680000,
    "meta": 1554796658698,
    "relativePath": "particle\\atom.plist"
  },
  "d0a82d39-bede-46c4-b698-c81ff0dedfff": {
    "asset": 1543304680000,
    "meta": 1554796658519,
    "relativePath": "particle\\atom.png"
  },
  "27756ebb-3d33-44b0-9b96-e858fadd4dd4": {
    "asset": 1543304680000,
    "meta": 1554796658542,
    "relativePath": "prefab\\label.prefab"
  },
  "785a442c-3ceb-45be-a46e-7317f625f3b9": {
    "asset": 1543304680000,
    "meta": 1554796658546,
    "relativePath": "prefab\\layout.prefab"
  },
  "ca8401fe-ad6e-41a8-bd46-8e3e4e9945be": {
    "asset": 1543304680000,
    "meta": 1554796658550,
    "relativePath": "prefab\\pageview.prefab"
  },
  "cd33edea-55f5-46c2-958d-357a01384a36": {
    "asset": 1543304680000,
    "meta": 1554796658555,
    "relativePath": "prefab\\particlesystem.prefab"
  },
  "5965ffac-69da-4b55-bcde-9225d0613c28": {
    "asset": 1543304680000,
    "meta": 1554796658559,
    "relativePath": "prefab\\progressBar.prefab"
  },
  "4a37dd57-78cd-4cec-aad4-f11a73d12b63": {
    "asset": 1543304680000,
    "meta": 1554796658564,
    "relativePath": "prefab\\richtext.prefab"
  },
  "32044bd2-481f-4cf1-a656-e2b2fb1594eb": {
    "asset": 1543304680000,
    "meta": 1554796658569,
    "relativePath": "prefab\\scrollview.prefab"
  },
  "0004d1cf-a0ad-47d8-ab17-34d3db9d35a3": {
    "asset": 1543304680000,
    "meta": 1554796658574,
    "relativePath": "prefab\\slider.prefab"
  },
  "96083d03-c332-4a3f-9386-d03e2d19e8ee": {
    "asset": 1543304680000,
    "meta": 1554796658583,
    "relativePath": "prefab\\sprite.prefab"
  },
  "1f55e3be-b89b-4b79-88de-47fd31018044": {
    "asset": 1543304680000,
    "meta": 1554796658577,
    "relativePath": "prefab\\sprite_splash.prefab"
  },
  "0e42ba95-1fa1-46aa-b2cf-143cd1bcee2c": {
    "asset": 1543304680000,
    "meta": 1554796658590,
    "relativePath": "prefab\\tiledtile.prefab"
  },
  "7de03a80-4457-438d-95a7-3e7cdffd6086": {
    "asset": 1543304680000,
    "meta": 1554796658585,
    "relativePath": "prefab\\tiledmap.prefab"
  },
  "0d784963-d024-4ea6-a7db-03be0ad63010": {
    "asset": 1543304680000,
    "meta": 1554796658592,
    "relativePath": "prefab\\toggle.prefab"
  },
  "bf0a434c-84dd-4a8e-a08a-7a36f180cc75": {
    "asset": 1543304680000,
    "meta": 1554796658603,
    "relativePath": "prefab\\toggleContainer.prefab"
  },
  "d1b8be49-b0a0-435c-83b7-552bed4bbe35": {
    "asset": 1543304680000,
    "meta": 1554796658601,
    "relativePath": "prefab\\toggleGroup.prefab"
  },
  "232d2782-c4bd-4bb4-9e01-909f03d6d3b9": {
    "asset": 1543304680000,
    "meta": 1554796658609,
    "relativePath": "prefab\\videoplayer.prefab"
  },
  "8c5001fd-07ee-4a4b-a8a0-63e15195e94d": {
    "asset": 1543304680000,
    "meta": 1554796658608,
    "relativePath": "prefab\\webview.prefab"
  },
  "59ad9267-cdd1-48a4-afb5-4799c232eb2c": {
    "asset": 1554896575983,
    "meta": 1550300487394,
    "relativePath": "scene"
  },
  "df438219-6773-41b9-a2a7-fa408f88e23f": {
    "asset": 1554911836303,
    "meta": 1554911836345,
    "relativePath": "scene\\welcome.fire"
  },
  "3c294028-7e9a-46af-b5d9-bab0ff49350d": {
    "asset": 1554893038989,
    "meta": 1550301471601,
    "relativePath": "res"
  },
  "7c0a1e31-f6ee-4809-967a-555d0e6265fd": {
    "asset": 1554867735109,
    "meta": 1550301482478,
    "relativePath": "res\\img"
  },
  "93a80d7c-676c-4dca-abf1-a4370630c977": {
    "asset": 1550301497111,
    "meta": 1550301497266,
    "relativePath": "res\\img\\brick.png"
  },
  "62d679ae-a5c7-4aa9-b419-d20c062f0d5e": {
    "asset": 1554899214085,
    "meta": 1550301559982,
    "relativePath": "javascript"
  },
  "1c93c564-eeb5-40b1-9b9d-a8ca9cc55da0": {
    "asset": 1550309005208,
    "meta": 1550309005348,
    "relativePath": "res\\img\\start-bg.png"
  },
  "db7b0c4e-fb6d-4b1a-81e7-b7acba82f780": {
    "asset": 1550309007983,
    "meta": 1550309008150,
    "relativePath": "res\\img\\start.png"
  },
  "f11114ff-bdd0-44bd-b923-85956292bde4": {
    "asset": 1554899307266,
    "meta": 1554899307300,
    "relativePath": "scene\\level.fire"
  },
  "b0fc1138-d067-42ff-802a-aec7da5416de": {
    "asset": 1554826606090,
    "meta": 1550816498017,
    "relativePath": "res\\prefab"
  },
  "c400b110-e48c-4e8a-b619-519bf26ac7e5": {
    "asset": 1550816556233,
    "meta": 1550816556244,
    "relativePath": "res\\prefab\\brick.prefab"
  },
  "d2b83afa-93e7-4fa4-9851-585f455e8e02": {
    "asset": 1550825795033,
    "meta": 1550825798710,
    "relativePath": "javascript\\brick-up-and-down.js"
  },
  "43182ff8-400b-4f1f-99e9-4e0bb46cf5b3": {
    "asset": 1553241095649,
    "meta": 1553241095815,
    "relativePath": "res\\img\\bg2.png"
  },
  "68d79032-d82b-4a8a-9ca8-155fe70bdb4f": {
    "asset": 1553259482871,
    "meta": 1553259483059,
    "relativePath": "res\\img\\fly.png"
  },
  "fbf57a07-07e3-4685-b928-836de26badea": {
    "asset": 1553259482940,
    "meta": 1553259483137,
    "relativePath": "res\\img\\list.png"
  },
  "913aa7f0-809e-4398-845f-6ffd641b4c59": {
    "asset": 1553263555756,
    "meta": 1553263555818,
    "relativePath": "res\\img\\fog.png"
  },
  "53b692d1-b7e3-4761-a14b-f60e6add99ff": {
    "asset": 1554950233202,
    "meta": 1554950233334,
    "relativePath": "scene\\play1.fire"
  },
  "588e2376-a0d8-48b0-a379-7de745e790a5": {
    "asset": 1553264269660,
    "meta": 1553264269816,
    "relativePath": "res\\img\\star7.png"
  },
  "d81b0c01-89c1-4803-9b71-42f00569911c": {
    "asset": 1553264272178,
    "meta": 1553264272236,
    "relativePath": "res\\img\\bgF.png"
  },
  "4341edbf-ed89-4700-b45e-c744fea25e7a": {
    "asset": 1553264616772,
    "meta": 1553308179276,
    "relativePath": "res\\img\\activeBall.png"
  },
  "71cb5c21-ff50-4e17-ada0-b4050c057325": {
    "asset": 1553264645603,
    "meta": 1553264645640,
    "relativePath": "res\\img\\btnA.png"
  },
  "6bdae3c8-75b0-44f7-a80a-4f254584dada": {
    "asset": 1553264648209,
    "meta": 1553264648293,
    "relativePath": "res\\img\\btnL.png"
  },
  "c1a72461-fac0-40fb-98bf-2e2458c92060": {
    "asset": 1553265072829,
    "meta": 1553265072904,
    "relativePath": "res\\img\\out.png"
  },
  "f9102e73-8560-4668-8562-372e0ae7bab6": {
    "asset": 1554826634680,
    "meta": 1554826634729,
    "relativePath": "res\\prefab\\brick - 001.prefab"
  },
  "b965076e-4ffd-485d-9bac-80c5a9eb27c0": {
    "asset": 1554467618101,
    "meta": 1554467618119,
    "relativePath": "res\\prefab\\fog - 001.prefab"
  },
  "dfedcb8b-8e6e-426c-b544-bfe4d1d7aeb7": {
    "asset": 1553604859188,
    "meta": 1553605050298,
    "relativePath": "javascript\\start-btn-anim.js"
  },
  "76314d2c-304f-4875-b6f5-1f8a91ace301": {
    "asset": 1553749556180,
    "meta": 1553749556324,
    "relativePath": "res\\img\\bg1.png"
  },
  "1e5f6928-82d0-4b7f-b9ab-9b96b3a48c1b": {
    "asset": 1553759597035,
    "meta": 1553759597176,
    "relativePath": "res\\img\\dir.png"
  },
  "a8d53894-b0aa-4d7e-9581-bac011cdba34": {
    "asset": 1553759605450,
    "meta": 1553759605519,
    "relativePath": "res\\img\\dir02.png"
  },
  "8d1399d1-bf7b-4308-a7e4-80c6d91690ed": {
    "asset": 1553769554621,
    "meta": 1553769554797,
    "relativePath": "res\\img\\back.png"
  },
  "c53a0a6c-f575-4fae-98c6-94ea4284c87f": {
    "asset": 1554032434773,
    "meta": 1554032434818,
    "relativePath": "res\\player1.anim"
  },
  "6c8cec18-e3f6-4468-8a22-67c8bd4203a2": {
    "asset": 1554032296041,
    "meta": 1554032296036,
    "relativePath": "res\\palyer1"
  },
  "e7c53b57-7b19-4376-b837-a8293daf12f4": {
    "asset": 1554032296010,
    "meta": 1554032296177,
    "relativePath": "res\\palyer1\\2.png"
  },
  "21fcb315-035d-4d7a-a1d8-94369f71e1d0": {
    "asset": 1554032296014,
    "meta": 1554032296185,
    "relativePath": "res\\palyer1\\1.png"
  },
  "10e08e4b-5599-4ecc-aac9-65a261d0cb71": {
    "asset": 1554032296014,
    "meta": 1554032296238,
    "relativePath": "res\\palyer1\\3.png"
  },
  "376f207c-979b-4813-9702-a5b2c168b8d0": {
    "asset": 1554033813591,
    "meta": 1554033813580,
    "relativePath": "res\\fog1"
  },
  "22c961d8-341e-44b0-a3b9-a60a01bef719": {
    "asset": 1554033813558,
    "meta": 1554033813674,
    "relativePath": "res\\fog1\\1.png"
  },
  "19ab5325-cc20-4d37-9fa2-6a4337c32ebd": {
    "asset": 1554033813560,
    "meta": 1554033813695,
    "relativePath": "res\\fog1\\2.png"
  },
  "e87f8959-184f-4d7b-9ed0-43661ee8674f": {
    "asset": 1554033813560,
    "meta": 1554033813701,
    "relativePath": "res\\fog1\\3.png"
  },
  "7055f0c9-8ef5-4a95-8ebd-942b2b95e963": {
    "asset": 1554033813559,
    "meta": 1554033813711,
    "relativePath": "res\\fog1\\Thumbs.db"
  },
  "331df49c-01a7-4599-a742-ab89061fdfb0": {
    "asset": 1554034223637,
    "meta": 1554034223687,
    "relativePath": "res\\fog1.anim"
  },
  "a174370e-1a7b-4c6b-96a5-fe4b14f94444": {
    "asset": 1554113332331,
    "meta": 1554113332423,
    "relativePath": "res\\img\\brick2.png"
  },
  "23f13f9d-5764-4f14-961d-86ba67451bc7": {
    "asset": 1554115435549,
    "meta": 1554115435566,
    "relativePath": "res\\brick1.anim"
  },
  "62ebd154-04a2-4feb-917a-d4b44e9666d6": {
    "asset": 1554117507538,
    "meta": 1554117499066,
    "relativePath": "res\\img\\time"
  },
  "9d6a9ef3-936e-46f6-8c65-0eb8a0e17b59": {
    "asset": 1554117507465,
    "meta": 1554117507617,
    "relativePath": "res\\img\\time\\time1.png"
  },
  "b4abbf34-e86f-4604-a96e-67149f2b6a57": {
    "asset": 1554117507530,
    "meta": 1554117507628,
    "relativePath": "res\\img\\time\\time2.png"
  },
  "206edb57-40a2-4ed7-bd34-704772ba579d": {
    "asset": 1554205515282,
    "meta": 1554205515329,
    "relativePath": "res\\brick2.anim"
  },
  "40ae8465-6a07-4833-baaa-188bba5ca348": {
    "asset": 1554477297414,
    "meta": 1554377560819,
    "relativePath": "res\\img\\block"
  },
  "4776e1ec-8df0-4dff-9f3d-a5dd4c073e87": {
    "asset": 1554464772932,
    "meta": 1554464773096,
    "relativePath": "res\\img\\block\\block1.png"
  },
  "6e211dcc-b0f6-4d2e-84b1-3a556fe9e835": {
    "asset": 1554464772977,
    "meta": 1554464773098,
    "relativePath": "res\\img\\block\\block0.png"
  },
  "85acd5b0-75ae-46e7-ab18-0089fe00b94b": {
    "asset": 1554464796260,
    "meta": 1554464796317,
    "relativePath": "res\\img\\door.png"
  },
  "1c5a9f26-b76d-4b20-93ee-e17b4884f49e": {
    "asset": 1554467486234,
    "meta": 1554467488667,
    "relativePath": "javascript\\fog-turnto.js"
  },
  "f18847bb-3e0d-452b-9caa-8fac6916696a": {
    "asset": 1554477073437,
    "meta": 1554477073450,
    "relativePath": "res\\prefab\\fog.prefab"
  },
  "e549a334-8805-4475-8e5c-ee05198f5a53": {
    "asset": 1554477297399,
    "meta": 1554477297481,
    "relativePath": "res\\img\\block\\blockFun.png"
  },
  "dc61522f-3a84-439c-b000-03b6527e6404": {
    "asset": 1554552714672,
    "meta": 1554552795307,
    "relativePath": "javascript\\player.js"
  },
  "ac1a6777-ecca-4e00-b451-ca2dff30c654": {
    "asset": 1554887611462,
    "meta": 1554887611532,
    "relativePath": "res\\prefab\\door.prefab"
  },
  "c20a7c17-6a33-4a52-99de-47821a4bb533": {
    "asset": 1554565809559,
    "meta": 1554565809707,
    "relativePath": "res\\img\\tool.png"
  },
  "31b4eee3-0917-4175-9250-a71d5a19f29c": {
    "asset": 1554795328279,
    "meta": 1554795264813,
    "relativePath": "res\\img\\fxp"
  },
  "a22f5a08-ed80-41bc-b574-b4494eb15f5d": {
    "asset": 1554795264797,
    "meta": 1554795265836,
    "relativePath": "res\\img\\fxp\\dir.png"
  },
  "a735906a-7b88-4d52-88fe-b6278710ffd3": {
    "asset": 1554795264796,
    "meta": 1554795265843,
    "relativePath": "res\\img\\fxp\\dir02.png"
  },
  "667fa650-1290-4a10-b472-0760f634a0b7": {
    "asset": 1554797033023,
    "meta": 1554797037599,
    "relativePath": "javascript\\moveRig.js"
  },
  "53fb02f7-da57-44fb-b9b6-00d176f19cca": {
    "asset": 1554818085939,
    "meta": 1554820079250,
    "relativePath": "javascript\\do-double-click.js"
  },
  "55235256-b139-4e45-b2b1-c8d485d92795": {
    "asset": 1554818727016,
    "meta": 1554818731112,
    "relativePath": "javascript\\getBox.js"
  },
  "1a89ec27-5f37-43d5-a721-38a011b53e03": {
    "asset": 1554896884846,
    "meta": 1554896884931,
    "relativePath": "scene\\gameover.fire"
  },
  "2aa8f88d-0a16-4533-8ee3-206c2b18266c": {
    "asset": 1554949174747,
    "meta": 1554949174774,
    "relativePath": "scene\\gamepass.fire"
  },
  "ac2da5e5-89d5-48c9-b707-6cb9095a2a8f": {
    "asset": 1554820306523,
    "meta": 1554820308868,
    "relativePath": "javascript\\count-down.js"
  },
  "0387ac47-59bb-4702-89d5-e9a2f8a655fb": {
    "asset": 1554824223768,
    "meta": 1554824503133,
    "relativePath": "javascript\\player1.js"
  },
  "a5d9ef6c-138e-47bc-b658-c4fc76863e47": {
    "asset": 1554894579166,
    "meta": 1554894579242,
    "relativePath": "res\\prefab\\tool.prefab"
  },
  "3d14d897-90a7-487e-bb73-fa66887a0137": {
    "asset": 1554867549233,
    "meta": 1554867549647,
    "relativePath": "res\\img\\gameover-pic.png"
  },
  "aad5ec53-275e-4c03-919e-f09d5b0f50c1": {
    "asset": 1554867719497,
    "meta": 1554867719573,
    "relativePath": "res\\img\\success-pic.png"
  },
  "cd869b44-af90-43f3-bddc-0ecfbc18c42d": {
    "asset": 1554867732699,
    "meta": 1554867732746,
    "relativePath": "res\\img\\back-btn.png"
  },
  "7ce8e881-6416-474e-a73b-25044323b1f5": {
    "asset": 1554867732699,
    "meta": 1554867732749,
    "relativePath": "res\\img\\next-btn.png"
  },
  "886b57d2-2889-4682-af1c-6ba3d1e10953": {
    "asset": 1554867735106,
    "meta": 1554867735144,
    "relativePath": "res\\img\\again-btn.png"
  },
  "12e67771-fca0-49b7-8f6b-653c746f2b6c": {
    "asset": 1554885290332,
    "meta": 1554885292941,
    "relativePath": "javascript\\common.js"
  },
  "b3bff100-9b0d-4993-843b-598049990d23": {
    "asset": 1554893349308,
    "meta": 1554893349370,
    "relativePath": "res\\tool.anim"
  },
  "26d2b3f5-1a20-41b3-bd69-a664ed9c7aed": {
    "asset": 1554894469184,
    "meta": 1554894471040,
    "relativePath": "javascript\\tool.js"
  },
  "00b7461e-881d-4720-9048-b29f0822d111": {
    "asset": 1554899959052,
    "meta": 1554900081139,
    "relativePath": "javascript\\persist.js"
  },
  "14ef4b0f-9431-405b-b2e6-e95ffe608686": {
    "asset": 1554900130454,
    "meta": 1554911800930,
    "relativePath": "javascript\\back-to-level.js"
  },
  "cfcc3b6e-8aaf-4d43-8f38-188a6642577a": {
    "asset": 1554912154669,
    "meta": 1554912168386,
    "relativePath": "javascript\\load-next-pass.js"
  },
  "7e9bd078-d048-4fe4-878a-e853a664b6d2": {
    "asset": 1554947585341,
    "meta": 1554947606963,
    "relativePath": "javascript\\play-again.js"
  },
  "606e40fa-107d-496f-a8a0-c4ac56ded9c1": {
    "asset": 1554947807471,
    "meta": 1554947811868,
    "relativePath": "javascript\\enter-level.js"
  },
  "e21610f9-6b89-46a9-8030-fbb7b14bb48e": {
    "asset": 1554948585841,
    "meta": 1554948592799,
    "relativePath": "scene\\play2.fire"
  },
  "a42511b7-fbe5-4a25-8f9b-ab1d24368704": {
    "asset": 1554949690251,
    "meta": 1554949692383,
    "relativePath": "javascript\\getScore.js"
  },
  "b44b1a4d-09a5-4424-85ec-9b1b8d548756": {
    "asset": 1554951600711,
    "meta": 1554951607301,
    "relativePath": "javascript\\door.js"
  }
}