[
  {
    "__type__": "cc.SceneAsset",
    "scene": {
      "__id__": 1
    },
    "asyncLoadAssets": false,
    "_name": "play2"
  },
  {
    "__type__": "cc.Scene",
    "_children": [
      {
        "__id__": 2
      }
    ],
    "autoReleaseAssets": false
  },
  {
    "__type__": "cc.Node",
    "_name": "Canvas",
    "_parent": {
      "__id__": 1
    },
    "_children": [],
    "_components": [
      {
        "__id__": 3
      }
    ]
  },
  {
    "__type__": "cc.Canvas",
    "node": {
      "__id__": 2
    },
    "_fitWidth": true,
    "_fitHeight": true,
    "_designResolution": {
      "__type__": "cc.Size",
      "width": 960,
      "height": 640
    }
  }
]