{
  "__type__": "cc.AnimationClip",
  "_name": "player1",
  "_objFlags": 0,
  "_native": "",
  "_duration": 0.26666666666666666,
  "sample": 60,
  "speed": 1,
  "wrapMode": "2",
  "curveData": {
    "comps": {
      "cc.Sprite": {
        "spriteFrame": [
          {
            "frame": 0,
            "value": {
              "__uuid__": "5fc492f1-f148-43c8-9d8c-6b7492d8259b"
            }
          },
          {
            "frame": 0.08333333333333333,
            "value": {
              "__uuid__": "ee702528-dfd9-4d87-bdf2-6ed38c865b6b"
            }
          },
          {
            "frame": 0.16666666666666666,
            "value": {
              "__uuid__": "1e4c181e-e7e5-4baa-a302-f0eda12d814b"
            }
          },
          {
            "frame": 0.25,
            "value": {
              "__uuid__": "ee702528-dfd9-4d87-bdf2-6ed38c865b6b"
            }
          }
        ]
      }
    }
  },
  "events": []
}