{
  "android-instant": {
    "REMOTE_SERVER_ROOT": "",
    "host": "",
    "pathPattern": "",
    "recordPath": "",
    "scheme": "https",
    "skipRecord": false
  },
  "appKey": "",
  "appSecret": "",
  "encryptJs": true,
  "excludeScenes": [],
  "fb-instant-games": {},
  "includeAnySDK": false,
  "includeSDKBox": false,
  "inlineSpriteFrames": true,
  "inlineSpriteFrames_native": false,
  "jailbreakPlatform": false,
  "md5Cache": true,
  "mergeStartScene": false,
  "oauthLoginServer": "",
  "optimizeHotUpdate": false,
  "orientation": {
    "landscapeLeft": true,
    "landscapeRight": true,
    "portrait": false,
    "upsideDown": false
  },
  "packageName": "org.cocos2d.BombMan",
  "privateKey": "",
  "qqplay": {
    "REMOTE_SERVER_ROOT": "",
    "orientation": "portrait",
    "zip": false
  },
  "startScene": "df438219-6773-41b9-a2a7-fa408f88e23f",
  "title": "BombMan",
  "webOrientation": "auto",
  "wechatgame": {
    "REMOTE_SERVER_ROOT": "https://sasa-lhy.github.io",
    "appid": "wxf1b20e6093584d72",
    "orientation": "landscape",
    "subContext": ""
  },
  "xxteaKey": "a9ccb098-417b-4c",
  "zipCompressJs": true
}