{
  "__type__": "cc.AnimationClip",
  "_name": "tool",
  "_objFlags": 0,
  "_native": "",
  "_duration": 3,
  "sample": 60,
  "speed": 1,
  "wrapMode": 1,
  "curveData": {
    "props": {
      "opacity": [
        {
          "frame": 0,
          "value": 255
        },
        {
          "frame": 0.3333333333333333,
          "value": 100
        },
        {
          "frame": 0.6666666666666666,
          "value": 255
        },
        {
          "frame": 1,
          "value": 100
        },
        {
          "frame": 1.3333333333333333,
          "value": 255
        },
        {
          "frame": 1.6666666666666667,
          "value": 100
        },
        {
          "frame": 2,
          "value": 255
        },
        {
          "frame": 2.3333333333333335,
          "value": 100
        },
        {
          "frame": 3,
          "value": 101
        }
      ]
    }
  },
  "events": []
}