{
  "version": "1.1.1",
  "windows": {
    "main": {
      "main": true,
      "url": "app://editor/index.html",
      "windowType": "dockable",
      "x": -8,
      "y": -8,
      "width": 1382,
      "height": 744,
      "layout": {
        "children": [
          {
            "children": [
              {
                "active": 0,
                "children": [
                  "hierarchy"
                ],
                "height": 313.109375,
                "type": "panel",
                "width": 262
              },
              {
                "active": 0,
                "children": [
                  "assets"
                ],
                "height": 308.109375,
                "type": "panel",
                "width": 262
              }
            ],
            "height": 623.21875,
            "type": "dock-v",
            "width": 262
          },
          {
            "children": [
              {
                "active": 0,
                "children": [
                  "scene"
                ],
                "height": 300.109375,
                "type": "panel",
                "width": 795.984375
              },
              {
                "active": 1,
                "children": [
                  "timeline",
                  "console"
                ],
                "height": 321.109375,
                "type": "panel",
                "width": 795.984375
              }
            ],
            "height": 623.21875,
            "type": "dock-v",
            "width": 795.984375
          },
          {
            "active": 0,
            "children": [
              "inspector"
            ],
            "height": 623.21875,
            "type": "panel",
            "width": 304
          }
        ],
        "type": "dock-h"
      },
      "panels": [
        "hierarchy",
        "assets",
        "timeline",
        "console",
        "inspector",
        "scene"
      ]
    },
    "window-1554949787858": {}
  },
  "panels": {
    "project-settings": {
      "x": 320,
      "y": 88,
      "width": 600,
      "height": 565
    },
    "sprite-editor": {
      "x": 129,
      "y": 111,
      "width": 516,
      "height": 537
    },
    "builder": {
      "x": 211,
      "y": 0,
      "width": 670,
      "height": 728
    },
    "node-library": {
      "x": 304,
      "y": 130,
      "width": 598,
      "height": 519
    },
    "console": {
      "x": 558,
      "y": 248,
      "width": 420,
      "height": 339
    },
    "timeline": {
      "x": 247,
      "y": 355,
      "width": 520,
      "height": 339
    }
  }
}