[
  {
    "__type__": "cc.Prefab",
    "_name": "tool",
    "_objFlags": 0,
    "_native": "",
    "data": {
      "__id__": 1
    },
    "optimizationPolicy": 0,
    "asyncLoadAssets": false,
    "readonly": false
  },
  {
    "__type__": "cc.Node",
    "_name": "tool",
    "_objFlags": 0,
    "_parent": null,
    "_children": [],
    "_active": true,
    "_level": 1,
    "_components": [
      {
        "__id__": 2
      },
      {
        "__id__": 3
      },
      {
        "__id__": 4
      },
      {
        "__id__": 5
      },
      {
        "__id__": 6
      },
      {
        "__id__": 7
      }
    ],
    "_prefab": {
      "__id__": 8
    },
    "_opacity": 255,
    "_color": {
      "__type__": "cc.Color",
      "r": 255,
      "g": 255,
      "b": 255,
      "a": 255
    },
    "_contentSize": {
      "__type__": "cc.Size",
      "width": 96,
      "height": 74
    },
    "_anchorPoint": {
      "__type__": "cc.Vec2",
      "x": 0.5,
      "y": 0.2
    },
    "_position": {
      "__type__": "cc.Vec3",
      "x": 0,
      "y": 0,
      "z": 0
    },
    "_scale": {
      "__type__": "cc.Vec3",
      "x": 0.6,
      "y": 0.6,
      "z": 1
    },
    "_quat": {
      "__type__": "cc.Quat",
      "x": 0,
      "y": 0,
      "z": 0,
      "w": 1
    },
    "_skewX": 0,
    "_skewY": 0,
    "_zIndex": 0,
    "_is3DNode": false,
    "groupIndex": 8,
    "_id": ""
  },
  {
    "__type__": "cc.Sprite",
    "_name": "",
    "_objFlags": 0,
    "node": {
      "__id__": 1
    },
    "_enabled": true,
    "_srcBlendFactor": 770,
    "_dstBlendFactor": 771,
    "_spriteFrame": {
      "__uuid__": "cc801591-7d3b-4b39-8ff1-08bfd205902d"
    },
    "_type": 0,
    "_sizeMode": 1,
    "_fillType": 0,
    "_fillCenter": {
      "__type__": "cc.Vec2",
      "x": 0,
      "y": 0
    },
    "_fillStart": 0,
    "_fillRange": 0,
    "_isTrimmedMode": true,
    "_state": 0,
    "_atlas": null,
    "_id": ""
  },
  {
    "__type__": "cc.RigidBody",
    "_name": "",
    "_objFlags": 0,
    "node": {
      "__id__": 1
    },
    "_enabled": true,
    "_type": 0,
    "_allowSleep": true,
    "_gravityScale": 1,
    "_linearDamping": 0,
    "_angularDamping": 0,
    "_linearVelocity": {
      "__type__": "cc.Vec2",
      "x": 0,
      "y": 0
    },
    "_angularVelocity": 0,
    "_fixedRotation": true,
    "enabledContactListener": true,
    "bullet": false,
    "_id": ""
  },
  {
    "__type__": "cc.PhysicsPolygonCollider",
    "_name": "",
    "_objFlags": 0,
    "node": {
      "__id__": 1
    },
    "_enabled": true,
    "tag": 0,
    "_density": 1,
    "_sensor": false,
    "_friction": 0.2,
    "_restitution": 0,
    "body": null,
    "_offset": {
      "__type__": "cc.Vec2",
      "x": 2,
      "y": 22
    },
    "points": [
      {
        "__type__": "cc.Vec2",
        "x": -45.8,
        "y": -32
      },
      {
        "__type__": "cc.Vec2",
        "x": 45.8,
        "y": -33.1
      },
      {
        "__type__": "cc.Vec2",
        "x": 41.6,
        "y": -6.1
      },
      {
        "__type__": "cc.Vec2",
        "x": -46.9,
        "y": -6.1
      }
    ],
    "_id": ""
  },
  {
    "__type__": "cc.PolygonCollider",
    "_name": "",
    "_objFlags": 0,
    "node": {
      "__id__": 1
    },
    "_enabled": true,
    "tag": 0,
    "_offset": {
      "__type__": "cc.Vec2",
      "x": 0,
      "y": 23
    },
    "points": [
      {
        "__type__": "cc.Vec2",
        "x": -5,
        "y": 37
      },
      {
        "__type__": "cc.Vec2",
        "x": -9,
        "y": 33
      },
      {
        "__type__": "cc.Vec2",
        "x": -21,
        "y": -1
      },
      {
        "__type__": "cc.Vec2",
        "x": -27,
        "y": 11
      },
      {
        "__type__": "cc.Vec2",
        "x": -34,
        "y": 11
      },
      {
        "__type__": "cc.Vec2",
        "x": -47,
        "y": -19
      },
      {
        "__type__": "cc.Vec2",
        "x": -47,
        "y": -30
      },
      {
        "__type__": "cc.Vec2",
        "x": -36,
        "y": -36
      },
      {
        "__type__": "cc.Vec2",
        "x": -19,
        "y": -34
      },
      {
        "__type__": "cc.Vec2",
        "x": -13,
        "y": -37
      },
      {
        "__type__": "cc.Vec2",
        "x": 3,
        "y": -37
      },
      {
        "__type__": "cc.Vec2",
        "x": 13,
        "y": -34
      },
      {
        "__type__": "cc.Vec2",
        "x": 34,
        "y": -37
      },
      {
        "__type__": "cc.Vec2",
        "x": 44,
        "y": -34
      },
      {
        "__type__": "cc.Vec2",
        "x": 48,
        "y": -29
      },
      {
        "__type__": "cc.Vec2",
        "x": 47,
        "y": -20
      },
      {
        "__type__": "cc.Vec2",
        "x": 32,
        "y": 10
      },
      {
        "__type__": "cc.Vec2",
        "x": 24,
        "y": 10
      },
      {
        "__type__": "cc.Vec2",
        "x": 14,
        "y": -7
      },
      {
        "__type__": "cc.Vec2",
        "x": 1,
        "y": 33
      }
    ],
    "_id": ""
  },
  {
    "__type__": "26d2bP1GiBBs71ppmTtnHrt",
    "_name": "",
    "_objFlags": 0,
    "node": {
      "__id__": 1
    },
    "_enabled": true,
    "_id": ""
  },
  {
    "__type__": "cc.Animation",
    "_name": "",
    "_objFlags": 0,
    "node": {
      "__id__": 1
    },
    "_enabled": true,
    "_defaultClip": {
      "__uuid__": "b3bff100-9b0d-4993-843b-598049990d23"
    },
    "_clips": [
      {
        "__uuid__": "b3bff100-9b0d-4993-843b-598049990d23"
      }
    ],
    "playOnLoad": false,
    "_id": ""
  },
  {
    "__type__": "cc.PrefabInfo",
    "root": {
      "__id__": 1
    },
    "asset": {
      "__uuid__": "a5d9ef6c-138e-47bc-b658-c4fc76863e47"
    },
    "fileId": "acbpsctzxJg4uYfrYLOP3c",
    "sync": false
  }
]