[
  {
    "__type__": "cc.Prefab",
    "_name": "fog",
    "_objFlags": 0,
    "_native": "",
    "data": {
      "__id__": 1
    },
    "optimizationPolicy": 0,
    "asyncLoadAssets": false,
    "readonly": false
  },
  {
    "__type__": "cc.Node",
    "_name": "fog - 001",
    "_objFlags": 0,
    "_parent": null,
    "_children": [],
    "_active": true,
    "_level": 1,
    "_components": [
      {
        "__id__": 2
      },
      {
        "__id__": 3
      },
      {
        "__id__": 4
      },
      {
        "__id__": 5
      },
      {
        "__id__": 6
      },
      {
        "__id__": 7
      }
    ],
    "_prefab": {
      "__id__": 8
    },
    "_opacity": 255,
    "_color": {
      "__type__": "cc.Color",
      "r": 255,
      "g": 255,
      "b": 255,
      "a": 255
    },
    "_contentSize": {
      "__type__": "cc.Size",
      "width": 112,
      "height": 146
    },
    "_anchorPoint": {
      "__type__": "cc.Vec2",
      "x": 0.5,
      "y": 0
    },
    "_position": {
      "__type__": "cc.Vec3",
      "x": 159.8,
      "y": 197,
      "z": 0
    },
    "_scale": {
      "__type__": "cc.Vec3",
      "x": 0.39,
      "y": 0.39,
      "z": 0.39
    },
    "_quat": {
      "__type__": "cc.Quat",
      "x": 0,
      "y": 0,
      "z": 0,
      "w": 1
    },
    "_skewX": 0,
    "_skewY": 0,
    "_zIndex": 0,
    "_is3DNode": false,
    "groupIndex": 2,
    "_id": ""
  },
  {
    "__type__": "cc.Sprite",
    "_name": "fog<Sprite>",
    "_objFlags": 0,
    "node": {
      "__id__": 1
    },
    "_enabled": true,
    "_srcBlendFactor": 770,
    "_dstBlendFactor": 771,
    "_spriteFrame": {
      "__uuid__": "4277b316-6204-4bb9-9516-884e5806783a"
    },
    "_type": 0,
    "_sizeMode": 1,
    "_fillType": 0,
    "_fillCenter": {
      "__type__": "cc.Vec2",
      "x": 0,
      "y": 0
    },
    "_fillStart": 0,
    "_fillRange": 0,
    "_isTrimmedMode": true,
    "_state": 0,
    "_atlas": null,
    "_id": ""
  },
  {
    "__type__": "cc.RigidBody",
    "_name": "",
    "_objFlags": 0,
    "node": {
      "__id__": 1
    },
    "_enabled": true,
    "_type": 2,
    "_allowSleep": true,
    "_gravityScale": 1,
    "_linearDamping": 0,
    "_angularDamping": 0,
    "_linearVelocity": {
      "__type__": "cc.Vec2",
      "x": 20,
      "y": 10.6
    },
    "_angularVelocity": 0,
    "_fixedRotation": true,
    "enabledContactListener": true,
    "bullet": false,
    "_id": ""
  },
  {
    "__type__": "cc.PhysicsPolygonCollider",
    "_name": "",
    "_objFlags": 0,
    "node": {
      "__id__": 1
    },
    "_enabled": true,
    "tag": 0,
    "_density": 0,
    "_sensor": false,
    "_friction": 0,
    "_restitution": 0,
    "body": null,
    "_offset": {
      "__type__": "cc.Vec2",
      "x": -2.1,
      "y": 74.9
    },
    "points": [
      {
        "__type__": "cc.Vec2",
        "x": -45.7,
        "y": -71.8
      },
      {
        "__type__": "cc.Vec2",
        "x": 3.3,
        "y": -68.5
      },
      {
        "__type__": "cc.Vec2",
        "x": 51.6,
        "y": -72.7
      },
      {
        "__type__": "cc.Vec2",
        "x": 44,
        "y": -52.7
      },
      {
        "__type__": "cc.Vec2",
        "x": 46.6,
        "y": -40.8
      },
      {
        "__type__": "cc.Vec2",
        "x": -42.1,
        "y": -39.9
      },
      {
        "__type__": "cc.Vec2",
        "x": -38.8,
        "y": -51.9
      }
    ],
    "_id": ""
  },
  {
    "__type__": "1c5a98mt21LIJPu4XtIhPSe",
    "_name": "",
    "_objFlags": 0,
    "node": {
      "__id__": 1
    },
    "_enabled": true,
    "speed": 20,
    "_id": ""
  },
  {
    "__type__": "cc.PolygonCollider",
    "_name": "",
    "_objFlags": 0,
    "node": {
      "__id__": 1
    },
    "_enabled": true,
    "tag": 0,
    "_offset": {
      "__type__": "cc.Vec2",
      "x": -0.6,
      "y": 76.7
    },
    "points": [
      {
        "__type__": "cc.Vec2",
        "x": -47.3,
        "y": -73.1
      },
      {
        "__type__": "cc.Vec2",
        "x": 49.68,
        "y": -74.75
      },
      {
        "__type__": "cc.Vec2",
        "x": 57.2,
        "y": -7
      },
      {
        "__type__": "cc.Vec2",
        "x": 38.2,
        "y": 53.3
      },
      {
        "__type__": "cc.Vec2",
        "x": 16.7,
        "y": 68.8
      },
      {
        "__type__": "cc.Vec2",
        "x": -11.92,
        "y": 68.58
      },
      {
        "__type__": "cc.Vec2",
        "x": -34.7,
        "y": 52.8
      },
      {
        "__type__": "cc.Vec2",
        "x": -56.5,
        "y": -12.1
      }
    ],
    "_id": ""
  },
  {
    "__type__": "cc.Animation",
    "_name": "",
    "_objFlags": 0,
    "node": {
      "__id__": 1
    },
    "_enabled": true,
    "_defaultClip": {
      "__uuid__": "331df49c-01a7-4599-a742-ab89061fdfb0"
    },
    "_clips": [
      {
        "__uuid__": "331df49c-01a7-4599-a742-ab89061fdfb0"
      }
    ],
    "playOnLoad": true,
    "_id": ""
  },
  {
    "__type__": "cc.PrefabInfo",
    "root": {
      "__id__": 1
    },
    "asset": {
      "__uuid__": "f18847bb-3e0d-452b-9caa-8fac6916696a"
    },
    "fileId": "605L4wgT9MLqr5S5fPVoa/",
    "sync": false
  }
]