{
  "__type__": "cc.AnimationClip",
  "_name": "fog1",
  "_objFlags": 0,
  "_native": "",
  "_duration": 0.26666666666666666,
  "sample": 60,
  "speed": 1,
  "wrapMode": "2",
  "curveData": {
    "comps": {
      "cc.Sprite": {
        "spriteFrame": [
          {
            "frame": 0,
            "value": {
              "__uuid__": "18e3ecf2-2d1d-40cb-bbe7-93b62a9551ed"
            }
          },
          {
            "frame": 0.08333333333333333,
            "value": {
              "__uuid__": "4277b316-6204-4bb9-9516-884e5806783a"
            }
          },
          {
            "frame": 0.16666666666666666,
            "value": {
              "__uuid__": "1d0ed860-759d-46bb-b199-caddbcc3cf89"
            }
          },
          {
            "frame": 0.25,
            "value": {
              "__uuid__": "4277b316-6204-4bb9-9516-884e5806783a"
            }
          }
        ]
      }
    }
  },
  "events": []
}