{
  "__type__": "cc.AnimationClip",
  "_name": "brick2",
  "_objFlags": 0,
  "_native": "",
  "_duration": 1,
  "sample": 60,
  "speed": 1,
  "wrapMode": "1",
  "curveData": {
    "paths": {
      "brick2": {
        "props": {
          "y": []
        }
      },
      "brick": {
        "props": {
          "opacity": [
            {
              "frame": 0,
              "value": 255
            },
            {
              "frame": 1,
              "value": 0
            }
          ]
        }
      }
    },
    "props": {
      "angle": [
        {
          "frame": 0,
          "value": 0
        },
        {
          "frame": 0.5,
          "value": 180
        },
        {
          "frame": 1,
          "value": 360
        }
      ]
    }
  },
  "events": []
}